"name","primary_category","secondary_categories","town","address","phone","email","website","source","source_url","confidence","notes"
"Morrisburg Plumbing & Heating Ltd","Plumbing","HVAC; heating; air conditioning; water treatment","Morrisburg","161 Main St, Morrisburg, ON K0C 1X0","613-543-3983","info@morrisburgplumbing.com","https://www.morrisburgplumbing.ca","South Dundas Chamber; BBB; TSSA","https://www.southdundaschamber.ca/business-directory/trades/","High","Appears in multiple public sources; should be treated as a cornerstone profile."
"ATEL Air / Arthur Thom Electric Ltd","HVAC","Electrical; geothermal; heating; air conditioning","Williamsburg","4600 County Rd 31, Williamsburg, ON K0C 2H0","613-535-2720","info@atelair.ca","https://atelair.ca","ATEL website; South Dundas municipal recurring services","https://atelair.ca/about-us/meet-our-team/","High","Strong local/regional provider; appears in municipal services source."
"Plante Electric","Electrical","Electrician","Morrisburg","3 Coyle Dr, Morrisburg, ON K0C 1X0","613-543-2794","","","Shop South Dundas","https://shopsouthdundas.com/directory-southdundas/listing/plante-electric/","Medium","Public listing found; needs owner verification and service-area details."
"Jet Electrical Contractors Inc.","Electrical","Residential; commercial; industrial; aerial; generators; tree service divisions","Gananoque","225 James A Brennan Rd, Gananoque, ON K7G 1N7","613-484-0989","jetelectricalcontractors@gmail.com","https://www.jetelectricalcontractors.com","Company website; municipal recurring services","https://www.jetelectricalcontractors.com/","High","Regional provider serving Eastern Ontario; include if service-area model supports South Dundas."
"ACF Electric","Electrical","Commercial; industrial; utility; emergency electrical","Brockville","Brockville, ON","613-802-4282","cferguson@acfelectric.ca","https://acfelectric.ca","Company website; municipal recurring services","https://acfelectric.ca/","High","Regional provider; municipal recurring services source lists South Dundas use."
"Dundas Power Line Ltd","Pole Line Contractor","Streetlight repair; bucket truck; high voltage; tree trimming","Chesterville","13564 County Rd 43, Chesterville, ON K0C 1H0","613-448-3400","info@dundaspowerline.com","https://www.dundaspowerline.com","YellowPages; municipal recurring services","https://www.yellowpages.ca/search/si/1/Pole%2BLine%2BContractors/Morrisburg%2BON","High","Not South Dundas based, but locally relevant for utility/pole-line services."
"Dundas Drilling","Drilling","Rock drilling; well/exploration related listing","Chesterville","13564 County Rd 43, Chesterville, ON K0C 1H0","613-448-3403","","https://www.dundasdrilling.com","North Dundas directory; YellowPages; municipal recurring services","https://www.northdundas.com/business-development/business-directory/dundas-drilling","Medium","Phone differs across sources; verify current number and service scope."
"DBC Environmental Services Ltd","Environmental Services","Hydro-vac; spill response; waste removal; excavation; tank removal","Long Sault","5190 Windfall Rd, Long Sault, ON","613-534-3861","","https://dbcltd.ca","MapQuest; municipal recurring services","https://www.mapquest.com/ca/ontario/dbc-environmental-service-ltd-359274346","Medium","Regional provider; include under environmental and hydro-vac if serving South Dundas."
"J&M Contracting Corp.","General Contractor","Residential; commercial; agricultural; renovations; decks; fencing; steel erection","Morrisburg","55 Prospect Rd, Morrisburg, ON K0C 1X0","613-330-2444","","","BBB; South Dundas bids and tenders","https://www.bbb.org/ca/on/morrisburg/profile/commercial-general-contractor/jm-contracting-corp-0117-243722","High","Important local contractor; BBB accredited and appears in municipal project references."
"Buster's Backhoe Service","Excavation","Backhoe; general contractor","Morrisburg","5085 County Rd 8, Morrisburg, ON K0C 1X0","613-551-4158","","","BBB","https://www.bbb.org/ca/on/morrisburg/category/general-contractor","Medium","Found via BBB near Morrisburg results; verify active status and services."
"Capital Home Building","General Contractor","Remodeling; painting; home renovation","Morrisburg","18 Broder Crescent, Morrisburg, ON K0C 1X0","613-323-2730","","","BBB","https://www.bbb.org/ca/on/morrisburg/category/general-contractor","Medium","Found via BBB near Morrisburg results; verify service details."
"Makwa Carpentry and Exteriors","Carpentry","General contractor; roofing; fencing; exteriors","Morrisburg","Morrisburg, ON K0C 1X0","613-682-0354","","","BBB","https://www.bbb.org/ca/on/morrisburg/category/general-contractor","Medium","Found via BBB near Morrisburg results; no street address in source."
"L.B. Contracting","General Contractor","Garage building; window and door installation; renovations","Williamsburg","Williamsburg, ON K0C 2H0","289-969-4912","","","BBB; YellowPages; South Dundas bids","https://www.bbb.org/ca/on/morrisburg/category/general-contractor","Medium","Appears in BBB and South Dundas bid-plan taker lists; verify current location and services."
"Allan Black Construction","General Contractor","Renovations","Morrisburg","11851 County Rd 4, Morrisburg, ON K0C 1X0","613-534-4154","","","Shop South Dundas","https://shopsouthdundas.com/directory-southdundas/locations/morrisburg/","Medium","Public listing found; needs current status and service area."
"Robert Jordan Construction Ltd","General Contractor","Construction","Morrisburg","12094 Julia St RR 1, Morrisburg, ON K0C 1X0","613-543-3563","","","Canpages; YellowPages","https://alb.canpages.ca/entreprises/ON/morrisburg/entrepreneurs/3472-2126T0.html","Medium","Found in contractor directory results; verify active status."
"Ivan's Cement Floors Plcng","Concrete","Cement floors; general contractor","Morrisburg","12875 Crowder Rd, Morrisburg, ON K0C 1X0","613-543-2106","","","Canpages; YellowPages","https://alb.canpages.ca/entreprises/ON/morrisburg/entrepreneurs/3472-2126T0.html","Medium","Found in contractor directory results; verify active status and spelling."
"Ault Frank Excavating Ltd","Excavation","Excavating contractor","Iroquois","10721 South Branch Rd, Iroquois, ON K0E 1C0","613-652-4858","","","YellowPages","https://www.yellowpages.ca/search/si/1/General%2BContractors/Williamsburg%2BON","Medium","Found via YellowPages; verify active status and service area."
"Swank Construction Ltd","General Contractor","Building contractor","Iroquois","10781 Highway 2, Iroquois, ON K0E 1K0","613-652-2392","","","YellowPages","https://www.yellowpages.ca/search/si/1/General%2BContractors/Williamsburg%2BON","Medium","Found via YellowPages; source shows website available but not captured."
"Cassell Roofing","Roofing","Roofing contractor","Morrisburg","12467 County Rd 2, Morrisburg, ON K0C 1X0","613-543-4099","","","Shop South Dundas","https://shopsouthdundas.com/directory-southdundas/locations/morrisburg/","Medium","Only roofing listing surfaced in Shop South Dundas contractor counts."
"Joey Derouchie Lawn Maintenance & Snow Plowing","Landscaping","Snow plowing; lawn maintenance","Morrisburg","9 Morningside Crt, Morrisburg, ON K0C 1X0","613-543-3360","","","Shop South Dundas","https://shopsouthdundas.com/directory-southdundas/listing/joey-derouchie-lawn-maintenance-snow-plowing/","Medium","Good example of rural service profile; verify seasonal capacity."
"Kelly's Home Repair & Maintenance","Home Repair","Handyman; property maintenance","Brinston","10721 South Branch Rd, Brinston, ON K0E 1C0","613-341-1141","kellysrepairmaintenance@gmail.com","","South Dundas Chamber","https://www.southdundaschamber.ca/business-directory/trades/","High","Strong side-gig/small-service fit; should be invited to claim early."
"KY's Mobile Washing Limited","Pressure Washing","Mobile washing; exterior cleaning","Morrisburg","48 Prospect Rd Unit 1, Morrisburg, ON K0C 1X0","613-662-5194","kysmobilewash@gmail.com","https://www.kysmobilewashltd.com","South Dundas Chamber","https://www.southdundaschamber.ca/business-directory/trades/","High","Clear fit for property services; also mentioned in local news helping repair vandalism damage."
"McKee Painting & Cleaning","Painting","Cleaning","Iroquois","10689 English Rd, Iroquois, ON K0E 1K0","613-652-1844","","","South Dundas Chamber","https://www.southdundaschamber.ca/business-directory/trades/","High","Good local home-service listing; needs website/social if any."
"Merkley Energy Solutions","Energy Solutions","Heating; cooling; energy service; fireplaces/woodstoves likely","Iroquois","8 Bouck St, Iroquois, ON K0E 1K0","613-652-2191","stevemerkleyenergy@gmail.ca","https://www.merkleyenergysolutions.ca","South Dundas Chamber","https://www.southdundaschamber.ca/business-directory/trades/","High","Verify email domain in source before publishing."
"Eastern Ontario Millwright Inc.","Millwright","Industrial service; machining; maintenance","Morrisburg","30 Prospect Rd, Morrisburg, ON K0C 1X0","613-543-3730","east1@bellnet.ca","https://www.eomillwrighting.com","South Dundas Chamber","https://www.southdundaschamber.ca/business-directory/trades/","High","Industrial/trade listing; less residential but useful for rural/agri users."
"Discreet Pest Control","Pest Control","Residential; commercial; pest removal","South Dundas area","","613-551-7597","shawn@discretecontrol.com","https://www.discreetcontrol.com","South Dundas Chamber","https://www.southdundaschamber.ca/business-directory/trades/","Medium","Chamber lists this; verify spelling of business name and website/email mismatch."
"Enviro-Guard Plus","Pest Control","Residential; commercial; agricultural; institutional","Eastern Ontario","","613-342-6251","","https://www.enviroguardplus.ca","Company website; municipal recurring services","https://www.enviroguardplus.ca/","High","Website explicitly lists Morrisburg and Winchester in service areas."
"Z.R. Waste Removal","Waste Removal","Junk removal; hauling","Brinston","10774 Kirker Rd, Brinston, ON","613-403-1230","zach-rumohr@outlook.com","","South Dundas Chamber","https://www.southdundaschamber.ca/business-directory/trades/","High","Good small-service/local-helper profile; likely early claim candidate."
"Seasonal Plus Inc.","Landscaping","Seasonal property service; likely lawn/snow","Ingleside","83 St. Lawrence St, Ingleside, ON","613-537-9493","cperry8@cogeco.ca","https://www.seasonalplus.com","South Dundas Chamber","https://www.southdundaschamber.ca/business-directory/trades/","Medium","Regional provider; verify South Dundas service area."
"Clear Cut Installation Inc.","Installation","Trades installation; construction-related","South Mountain","10616 Main St, South Mountain, ON K0E 1W0","613-989-2367","steve@clearcutinstallations.com","https://www.clearcutinstallations.com","South Dundas Chamber","https://www.southdundaschamber.ca/business-directory/trades/","Medium","Nearby, not South Dundas; include if confirmed to serve South Dundas."
"Thompson Tim-Br Mart","Building Supplies","Home improvement supplies; lumber","Iroquois","39 Dundas St, Iroquois, ON K0E 1K0","613-652-2500","james.thompson@timbermart.ca","https://www.timbrmart.ca","South Dundas Chamber; Shop South Dundas","https://shopsouthdundas.com/directory-southdundas/listing/thompson-timber-mart/","High","Useful supplier profile for trades/home projects."
"Emard Bros. Lumber","Building Supplies","Home and garden; housewares","Morrisburg","12455 County Rd 2, Morrisburg, ON K0C 1X0","613-543-2009","","","Shop South Dundas","https://shopsouthdundas.com/directory-southdundas/categories/retail/","High","Supplier profile; relevant to home/project directory."
"Morrisburg Home Hardware","Building Supplies","Home and garden; hardware","Morrisburg","12415 County Rd 2, Morrisburg, ON K0C 1X0","613-543-2021","","","Shop South Dundas","https://shopsouthdundas.com/directory-southdundas/categories/retail/","High","Supplier profile; useful for resident project searches."
"Canadian Tire Associate Store","Building Supplies","Outdoor equipment; home and garden; retail","Morrisburg","12329 County Rd 2, Morrisburg, ON K0C 1X0","613-543-3015","","","Shop South Dundas","https://shopsouthdundas.com/directory-southdundas/categories/retail/","High","Supplier profile; not a service provider but relevant to home/property category."
"Eastern Engines Inc.","Outdoor Power Equipment","Small engine service; mower/outdoor equipment repair","Williamsburg","4301 County Rd 31, Williamsburg, ON K0C 2H0","613-535-2488","service@easternengines.com","https://www.easternengines.com","Shop South Dundas","https://shopsouthdundas.com/directory-southdundas/listing/eastern-engines-inc/","High","Excellent rural service fit: mower, chainsaw and outdoor equipment repair."
"Murphy's Sales & Service","Farm Equipment","Water treatment; farm equipment sales and service","Brinston","4147 Brinston Rd, Brinston, ON K0E 1C0","613-652-4802","","","Shop South Dundas","https://shopsouthdundas.com/directory-southdundas/categories/farm-equipment/","Medium","Good rural/agri profile; verify water treatment service details."
"Advanced Grain Handling Systems Inc.","Farm Equipment","Grain handling systems; agricultural equipment","Brinston","4124 County Rd 16, Brinston, ON K0E 1C0","613-652-1010","","https://www.aghs.ca","Shop South Dundas","https://shopsouthdundas.com/directory-southdundas/listing/advanced-grain-handling-systems-inc/","High","Strong rural/agri trade profile."
"Dundas Agri-Systems","Farm Equipment","Agricultural systems; farm equipment sales and service","Brinston","11225 Henderson Rd, Brinston, ON K0E 1C0","613-652-4844","","","Shop South Dundas","https://shopsouthdundas.com/directory-southdundas/categories/farm-equipment/","Medium","Good rural/agri profile; verify website and current services."
"D&S Manufacturing","Farm Equipment","Manufacturer; farm equipment sales and service","Iroquois","5087 County Rd 1, Iroquois, ON K0E 1K0","613-652-4025","","","Shop South Dundas","https://shopsouthdundas.com/directory-southdundas/categories/farm-equipment/","Medium","Rural/agri profile; likely useful but verify consumer-facing service."
"HW Supplies","Farm Equipment","Parts and service","Iroquois","4720 Carman Rd RR 2, Iroquois, ON K0E 1K0","613-652-4055","","","Shop South Dundas","https://shopsouthdundas.com/directory-southdundas/categories/farm-equipment/","Medium","Rural/agri supplies and service; verify categories."
"CD Jabbco Sales Ltd.","Parts and Service","Logistics; trucking; recreational vehicles; lawn mowers","Iroquois","5547 Carman Rd, Iroquois, ON K0E 1K0","613-652-2000","","","Shop South Dundas","https://shopsouthdundas.com/directory-southdundas/categories/automotive/","Medium","Could fit equipment repair/lawn mower service; verify exact offerings."
"Bill's Towing","Towing","Vehicle towing; roadside support","Morrisburg","5522 Muttonville Rd, Morrisburg, ON K0C 1X0","613-802-0729","","","Shop South Dundas","https://shopsouthdundas.com/directory-southdundas/categories/automotive/","High","Local emergency service; useful category even if not home trades."
"Barn Owl Tree Services","Tree Service","Tree removal; stump grinding; barn removal; lot cleanup","Kemptville","Kemptville, ON K0G 1J0","613-258-7940","","https://www.barnowltreeservices.com","Company website; municipal recurring services","https://www.barnowltreeservices.com/","High","Regional provider; municipal recurring services source includes them for tree trimming."
"Logtens Tree Service Ltd","Tree Service","Tree removal; pruning; stump removal; bucket truck; lot clearing","Berwick","14182 Manley Rd, Finch, ON","613-984-0743","","","North Stormont directory; municipal recurring services","https://www.northstormont.ca/business-development/business-directory/logtens-tree-service","Medium","Regional tree service; should be included if service area confirmed."
"Rideau Bulk","Logistics","Storage; trucking; bulk transport","Morrisburg","11610 County Rd 2, Morrisburg, ON K0C 1X0","613-652-2503","","","Shop South Dundas","https://shopsouthdundas.com/directory-southdundas/categories/transportation/","Medium","Potential rural service category; verify consumer/business service use case."
"Ron McMillan Transport","Logistics","Transport; storage; boat transport","Morrisburg","11711 County Rd 2, Morrisburg, ON K0C 1X0","613-543-3028","","","Shop South Dundas","https://shopsouthdundas.com/directory-southdundas/categories/transportation/","Medium","Potential rural service category; verify service details."
"Snap Trucking","Logistics","Trucking","Iroquois","11471 Zeron Rd, Iroquois, ON K0E 1K0","613-652-1123","","","Shop South Dundas","https://shopsouthdundas.com/directory-southdundas/categories/transportation/","Medium","Potential business/agri service; verify target customer."
"Harland Veinotte Ltd.","Logistics","Trucking","Morrisburg","37 Prospect Rd, Morrisburg, ON K0C 1X0","613-543-3753","","","Shop South Dundas","https://shopsouthdundas.com/directory-southdundas/categories/transportation/","Medium","Potential rural/business service; verify active status and service details."
"Barry Latreille Electric","Electrical","Electricians & Electrical Contractors","Long Sault","15892 Manning Rd, Long Sault, ON K0C 1P0","613-550-0550","","","YellowPages.ca","https://www.yellowpages.ca/search/si/1/Electricians/Morrisburg+ON","High","YellowPages public search result; verify active status, exact service area, and owner permission before promotion. YP listed proximity from Morrisburg: 26.3 km. Listing detail: https://www.yellowpages.ca/bus/Ontario/Long-Sault/Barry-Latreille-Electric/4254688.html?what=Electricians&where=Morrisburg+ON&useContext=true Treated as source-verified public data for prototype database; owner claim still required for profile management."
"Beehler N Electric Ltd","Electrical","Electricians & Electrical Contractors","Berwick","17 Beaver Street, Berwick, ON K0C 1G0","1-844-738-0996","","","YellowPages.ca","https://www.yellowpages.ca/search/si/1/Electricians/Morrisburg+ON","High","YellowPages public search result; verify active status, exact service area, and owner permission before promotion. YP listed proximity from Morrisburg: 31.4 km. Listing detail: https://www.yellowpages.ca/bus/Ontario/Berwick/Beehler-N-Electric-Ltd/2943387.html?what=Electricians&where=Morrisburg+ON&useContext=true Treated as source-verified public data for prototype database; owner claim still required for profile management."
"Countryman Electric Limited","Electrical","Electricians & Electrical Contractors","Chesterville","13592 County Rd 43, Chesterville, ON K0C 1H0","613-448-2474","","","YellowPages.ca","https://www.yellowpages.ca/search/si/1/Electricians/Morrisburg+ON","High","YellowPages public search result; verify active status, exact service area, and owner permission before promotion. YP listed proximity from Morrisburg: 16.3 km. Listing detail: https://www.yellowpages.ca/bus/Ontario/Chesterville/Countryman-Electric-Limited/442655.html?what=Electricians&where=Morrisburg+ON&useContext=true Treated as source-verified public data for prototype database; owner claim still required for profile management."
"Long Sault Services","Electrical","Electricians & Electrical Contractors","Ingleside","15592 Manning Rd RR 3, Ingleside, ON K0C 1M0","613-534-4181","","","YellowPages.ca","https://www.yellowpages.ca/search/si/1/Electricians/Morrisburg+ON","High","YellowPages public search result; verify active status, exact service area, and owner permission before promotion. YP listed proximity from Morrisburg: 24.2 km. Listing detail: https://www.yellowpages.ca/bus/Ontario/Ingleside/Long-Sault-Services/6459691.html?what=Electricians&where=Morrisburg+ON&useContext=true Treated as source-verified public data for prototype database; owner claim still required for profile management."
"Mackie Electric","Electrical","Electricians & Electrical Contractors","Winchester","1341 Merkley Rd, Winchester, ON K0C 2K0","613-774-0594","","","YellowPages.ca","https://www.yellowpages.ca/search/si/1/Electricians/Morrisburg+ON","High","YellowPages public search result; verify active status, exact service area, and owner permission before promotion. YP listed proximity from Morrisburg: 32 km. Listing detail: https://www.yellowpages.ca/bus/Ontario/Winchester/Mackie-Electric/8227046.html?what=Electricians&where=Morrisburg+ON&useContext=true Treated as source-verified public data for prototype database; owner claim still required for profile management."
"Raycroft Electric","Electrical","Electricians & Electrical Contractors","Johnstown","57 Charlotte St, Johnstown, ON K0E 1T1","613-802-8884","","","YellowPages.ca","https://www.yellowpages.ca/search/si/1/Electricians/Morrisburg+ON","High","YellowPages public search result; verify active status, exact service area, and owner permission before promotion. YP listed proximity from Morrisburg: 28.6 km. Listing detail: https://www.yellowpages.ca/bus/Ontario/Johnstown/Raycroft-Electric/101242763.html?what=Electricians&where=Morrisburg+ON&useContext=true Treated as source-verified public data for prototype database; owner claim still required for profile management."
"Res Co Electric","Electrical","Electricians & Electrical Contractors","Cornwall","1412 Jane St, Cornwall, ON K6J 1X3","613-937-0044","","","YellowPages.ca","https://www.yellowpages.ca/search/si/1/Electricians/Morrisburg+ON","High","YellowPages public search result; verify active status, exact service area, and owner permission before promotion. YP listed proximity from Morrisburg: 35 km. Listing detail: https://www.yellowpages.ca/bus/Ontario/Cornwall/Res-Co-Electric/6840721.html?what=Electricians&where=Morrisburg+ON&useContext=true Treated as source-verified public data for prototype database; owner claim still required for profile management."
"Scott Groves","Electrical","Electricians & Electrical Contractors","Ingleside","15583 Manning Rd, Ingleside, ON K0C 1M0","613-534-2688","","","YellowPages.ca","https://www.yellowpages.ca/search/si/1/Electricians/Morrisburg+ON","High","YellowPages public search result; verify active status, exact service area, and owner permission before promotion. YP listed proximity from Morrisburg: 24.1 km. Listing detail: https://www.yellowpages.ca/bus/Ontario/Ingleside/Scott-Groves/6907791.html?what=Electricians&where=Morrisburg+ON&useContext=true Treated as source-verified public data for prototype database; owner claim still required for profile management."
"Black Water Excavation","Excavation","Excavation Contractors","Mountain","10269 Loughlin Ridge Rd, Mountain, ON K0E 1S0","613-558-2931","","","YellowPages.ca","https://www.yellowpages.ca/search/si/1/Excavation+Contractors/Morrisburg+ON","High","YellowPages public search result; verify active status, exact service area, and owner permission before promotion. YP listed proximity from Morrisburg: 34.2 km. Listing detail: https://www.yellowpages.ca/bus/Ontario/Mountain/Black-Water-Excavation/101713535.html?what=Excavation+Contractors&where=Morrisburg+ON&useContext=true Treated as source-verified public data for prototype database; owner claim still required for profile management."
"Cruickshank Construction Ltd","Excavation","Excavation Contractors; More&hellip;","Morrisburg","Hwy 2, Morrisburg, ON K0C 1X0","613-543-3674","","","YellowPages.ca","https://www.yellowpages.ca/search/si/1/Excavation+Contractors/Morrisburg+ON","High","YellowPages public search result; verify active status, exact service area, and owner permission before promotion. YP listed proximity from Morrisburg: 4.4 km. Listing detail: https://www.yellowpages.ca/bus/Ontario/Morrisburg/Cruickshank-Construction-Ltd/456070.html?what=Excavation+Contractors&where=Morrisburg+ON&useContext=true Treated as source-verified public data for prototype database; owner claim still required for profile management."
"Little Landscapes","Excavation","Excavation Contractors","Spencerville","1622 Ventnor Rd, Spencerville, ON K0E 1X0","613-608-6603","","","YellowPages.ca","https://www.yellowpages.ca/search/si/1/Excavation+Contractors/Morrisburg+ON","High","YellowPages public search result; verify active status, exact service area, and owner permission before promotion. YP listed proximity from Morrisburg: 27.2 km. Listing detail: https://www.yellowpages.ca/bus/Ontario/Spencerville/Little-Landscapes/100751926.html?what=Excavation+Contractors&where=Morrisburg+ON&useContext=true Treated as source-verified public data for prototype database; owner claim still required for profile management."
"McMillan Lloyd Equipment Ltd","Excavation","Excavation Contractors","Iroquois","5733 Carman Rd, Iroquois, ON K0E 1K0","613-652-4649","","","YellowPages.ca","https://www.yellowpages.ca/search/si/1/Excavation+Contractors/Morrisburg+ON","High","YellowPages public search result; verify active status, exact service area, and owner permission before promotion. YP listed proximity from Morrisburg: 12.5 km. Listing detail: https://www.yellowpages.ca/bus/Ontario/Iroquois/McMillan-Lloyd-Equipment-Ltd/3990697.html?what=Excavation+Contractors&where=Morrisburg+ON&useContext=true Treated as source-verified public data for prototype database; owner claim still required for profile management."
"West Front Construction Canada (LTD)","Excavation","Excavation Contractors; More&hellip;","Cornwall","16909 Cornwall Centre Road, Cornwall, ON K6H 5T2","613-703-0539","","","YellowPages.ca","https://www.yellowpages.ca/search/si/1/Excavation+Contractors/Morrisburg+ON","High","YellowPages public search result; verify active status, exact service area, and owner permission before promotion. YP listed proximity from Morrisburg: 34.2 km. Listing detail: https://www.yellowpages.ca/bus/Ontario/Cornwall/West-Front-Construction-Canada-LTD/1702373.html?what=Excavation+Contractors&where=Morrisburg+ON&useContext=true Treated as source-verified public data for prototype database; owner claim still required for profile management."
"Brownlee Construction","General Contractor","General Contractors","Ingleside","4949 County Rd 14, Ingleside, ON K0C 1M0","613-360-2974","","","YellowPages.ca","https://www.yellowpages.ca/search/si/1/General+Contractors/Morrisburg+ON","High","YellowPages public search result; verify active status, exact service area, and owner permission before promotion. YP listed proximity from Morrisburg: 20.2 km. Listing detail: https://www.yellowpages.ca/bus/Ontario/Ingleside/Brownlee-Construction/7860515.html?what=General+Contractors&where=Morrisburg+ON&useContext=true Treated as source-verified public data for prototype database; owner claim still required for profile management."
"Ewan St-Louis Construction Ltd","General Contractor","General Contractors","Ingleside","30 Dale St, Ingleside, ON K0C 1M0","613-534-2712","","","YellowPages.ca","https://www.yellowpages.ca/search/si/1/General+Contractors/Morrisburg+ON","High","YellowPages public search result; verify active status, exact service area, and owner permission before promotion. YP listed proximity from Morrisburg: 26.4 km. Listing detail: https://www.yellowpages.ca/bus/Ontario/Ingleside/Ewan-St-Louis-Construction-Ltd/6202818.html?what=General+Contractors&where=Morrisburg+ON&useContext=true Treated as source-verified public data for prototype database; owner claim still required for profile management."
"GIJ Contracting Brite Span","General Contractor","General Contractors","Winchester","1868 County Road 31, Winchester, ON K0C 2K0","613-229-6418","","","YellowPages.ca","https://www.yellowpages.ca/search/si/1/General+Contractors/Morrisburg+ON","High","YellowPages public search result; verify active status, exact service area, and owner permission before promotion. YP listed proximity from Morrisburg: 27.9 km. Listing detail: https://www.yellowpages.ca/bus/Ontario/Winchester/GIJ-Contracting-Brite-Span/101322570.html?what=General+Contractors&where=Morrisburg+ON&useContext=true Treated as source-verified public data for prototype database; owner claim still required for profile management."
"H&B Contracting Inc","General Contractor","General Contractors","Chesterville","13900 Connaught Rd, Chesterville, ON K0C 1H0","613-227-7788","","","YellowPages.ca","https://www.yellowpages.ca/search/si/1/General+Contractors/Morrisburg+ON","High","YellowPages public search result; verify active status, exact service area, and owner permission before promotion. YP listed proximity from Morrisburg: 27.5 km. Listing detail: https://www.yellowpages.ca/bus/Ontario/Chesterville/H-B-Contracting-Inc/100863821.html?what=General+Contractors&where=Morrisburg+ON&useContext=true Treated as source-verified public data for prototype database; owner claim still required for profile management."
"Jensen Contracting Co","General Contractor","General Contractors","Spencerville","9007 County Road 44, Spencerville, ON K0E 1X0","613-858-1764","","","YellowPages.ca","https://www.yellowpages.ca/search/si/1/General+Contractors/Morrisburg+ON","High","YellowPages public search result; verify active status, exact service area, and owner permission before promotion. YP listed proximity from Morrisburg: 29.9 km. Listing detail: https://www.yellowpages.ca/bus/Ontario/Spencerville/Jensen-Contracting-Co/101744366.html?what=General+Contractors&where=Morrisburg+ON&useContext=true Treated as source-verified public data for prototype database; owner claim still required for profile management."
"Lyndon Mcnab Construction Inc","General Contractor","General Contractors","Cardinal","Shanly Rd, Cardinal, ON K0E 1E0","613-657-1103","","","YellowPages.ca","https://www.yellowpages.ca/search/si/1/General+Contractors/Morrisburg+ON","High","YellowPages public search result; verify active status, exact service area, and owner permission before promotion. YP listed proximity from Morrisburg: 22.3 km. Listing detail: https://www.yellowpages.ca/bus/Ontario/Cardinal/Lyndon-Mcnab-Construction-Inc/7238565.html?what=General+Contractors&where=Morrisburg+ON&useContext=true Treated as source-verified public data for prototype database; owner claim still required for profile management."
"Shane Brian Construction Ltd","General Contractor","General Contractors","Chesterville","1823 Winchester Boundary Rd, Chesterville, ON K0C 1H0","613-448-1230","","","YellowPages.ca","https://www.yellowpages.ca/search/si/1/General+Contractors/Morrisburg+ON","High","YellowPages public search result; verify active status, exact service area, and owner permission before promotion. YP listed proximity from Morrisburg: 31.1 km. Listing detail: https://www.yellowpages.ca/bus/Ontario/Chesterville/Shane-Brian-Construction-Ltd/7905086.html?what=General+Contractors&where=Morrisburg+ON&useContext=true Treated as source-verified public data for prototype database; owner claim still required for profile management."
"Total Home","General Contractor","General Contractors; More&hellip;","Kemptville","4103 County Road 43, Kemptville, ON K0G 1J0","613-286-7165","","","YellowPages.ca","https://www.yellowpages.ca/search/si/1/General+Contractors/Morrisburg+ON","High","YellowPages public search result; verify active status, exact service area, and owner permission before promotion. YP listed proximity from Morrisburg: 30 km. Listing detail: https://www.yellowpages.ca/bus/Ontario/Kemptville/Total-Home/100773908.html?what=General+Contractors&where=Morrisburg+ON&useContext=true Treated as source-verified public data for prototype database; owner claim still required for profile management."
"Windmill Construction","General Contractor","General Contractors","Long Sault","16024 Losey Rd, Long Sault, ON K0C 1M0","613-534-3837","","","YellowPages.ca","https://www.yellowpages.ca/search/si/1/General+Contractors/Morrisburg+ON","High","YellowPages public search result; verify active status, exact service area, and owner permission before promotion. YP listed proximity from Morrisburg: 17.4 km. Listing detail: https://www.yellowpages.ca/bus/Ontario/Long-Sault/Windmill-Construction/1722671.html?what=General+Contractors&where=Morrisburg+ON&useContext=true Treated as source-verified public data for prototype database; owner claim still required for profile management."
"Hometown Heating","HVAC","Heating Contractors","Prescott","250 CENTER ST, PRESCOTT, ON K0E 1T0","613-925-1039","","","YellowPages.ca","https://www.yellowpages.ca/search/si/1/Heating+Contractors/Morrisburg+ON","High","YellowPages public search result; verify active status, exact service area, and owner permission before promotion. YP listed proximity from Morrisburg: 33.7 km. Listing detail: https://www.yellowpages.ca/bus/Ontario/PRESCOTT/Hometown-Heating/785544.html?what=Heating+Contractors&where=Morrisburg+ON&useContext=true Treated as source-verified public data for prototype database; owner claim still required for profile management."
"Neal's Heating Cooling & Refrigeration","HVAC","Heating Contractors; More&hellip;","Winchester","12095 Baker Rd RR 4, Winchester, ON K0C 2K0","613-774-6446","","","YellowPages.ca","https://www.yellowpages.ca/search/si/1/Heating+Contractors/Morrisburg+ON","High","YellowPages public search result; verify active status, exact service area, and owner permission before promotion. YP listed proximity from Morrisburg: 21.4 km. Listing detail: https://www.yellowpages.ca/bus/Ontario/Winchester/Neal-s-Heating-Cooling-Refrigeration/7092034.html?what=Heating+Contractors&where=Morrisburg+ON&useContext=true Treated as source-verified public data for prototype database; owner claim still required for profile management."
"Sauve Don Heating","HVAC","Heating Contractors","Prescott","4100 County Road 18 RR 4, Prescott, ON K0E 1T0","613-925-0223","","","YellowPages.ca","https://www.yellowpages.ca/search/si/1/Heating+Contractors/Morrisburg+ON","High","YellowPages public search result; verify active status, exact service area, and owner permission before promotion. YP listed proximity from Morrisburg: 33.3 km. Listing detail: https://www.yellowpages.ca/bus/Ontario/Prescott/Sauve-Don-Heating/101601099.html?what=Heating+Contractors&where=Morrisburg+ON&useContext=true Treated as source-verified public data for prototype database; owner claim still required for profile management."
"Sauve Heating & Air Conditioning","HVAC","Heating Contractors","Prescott","4401 County Road 18, Prescott, ON K0E 1T0","613-258-7173","","","YellowPages.ca","https://www.yellowpages.ca/search/si/1/Heating+Contractors/Morrisburg+ON","High","YellowPages public search result; verify active status, exact service area, and owner permission before promotion. YP listed proximity from Morrisburg: 33.2 km. Listing detail: https://www.yellowpages.ca/bus/Ontario/Prescott/Sauve-Heating-Air-Conditioning/6548097.html?what=Heating+Contractors&where=Morrisburg+ON&useContext=true Treated as source-verified public data for prototype database; owner claim still required for profile management."
"Stuart Heating & Cooling","HVAC","Heating Contractors; More&hellip;","Prescott","2924 County Road 18 RR 2, Prescott, ON K0E 1T0","613-349-9352","","","YellowPages.ca","https://www.yellowpages.ca/search/si/1/Heating+Contractors/Morrisburg+ON","High","YellowPages public search result; verify active status, exact service area, and owner permission before promotion. YP listed proximity from Morrisburg: 33.3 km. Listing detail: https://www.yellowpages.ca/bus/Ontario/Prescott/Stuart-Heating-Cooling/7930549.html?what=Heating+Contractors&where=Morrisburg+ON&useContext=true Treated as source-verified public data for prototype database; owner claim still required for profile management."
"Stuart Mechanical","HVAC","Heating Contractors; More&hellip;","Prescott","2924 County Rd 18 Rr 2, Prescott, ON K0E 1T0","613-925-3147","","","YellowPages.ca","https://www.yellowpages.ca/search/si/1/Heating+Contractors/Morrisburg+ON","High","YellowPages public search result; verify active status, exact service area, and owner permission before promotion. YP listed proximity from Morrisburg: 33.4 km. Listing detail: https://www.yellowpages.ca/bus/Ontario/Prescott/Stuart-Mechanical/5818481.html?what=Heating+Contractors&where=Morrisburg+ON&useContext=true Treated as source-verified public data for prototype database; owner claim still required for profile management."
"The Stove Store","HVAC","Heating Contractors; More&hellip;","Spencerville","6 Beverly St, Spencerville, ON K0E 1X0","613-658-3101","","","YellowPages.ca","https://www.yellowpages.ca/search/si/1/Heating+Contractors/Morrisburg+ON","High","YellowPages public search result; verify active status, exact service area, and owner permission before promotion. YP listed proximity from Morrisburg: 30.4 km. Listing detail: https://www.yellowpages.ca/bus/Ontario/Spencerville/The-Stove-Store/1513759.html?what=Heating+Contractors&where=Morrisburg+ON&useContext=true Treated as source-verified public data for prototype database; owner claim still required for profile management."
"BM Landscaping","Landscaping","Landscape Contractors & Designers","Iroquois","10163 Countru RD2, Iroquois, ON K0E 1K0","613-652-1051","","","YellowPages.ca","https://www.yellowpages.ca/search/si/1/Landscape+Contractors+%26+Designers/Morrisburg+ON","High","YellowPages public search result; verify active status, exact service area, and owner permission before promotion. YP listed proximity from Morrisburg: 15.2 km. Listing detail: https://www.yellowpages.ca/bus/Ontario/Iroquois/BM-Landscaping/101578521.html?what=Landscape+Contractors+%26+Designers&where=Morrisburg+ON&useContext=true Treated as source-verified public data for prototype database; owner claim still required for profile management."
"Country Woods Landscaping","Landscaping","Landscape Contractors & Designers","Chesterville","13115 McMillan Road, Chesterville, ON K0C 1H0","613-406-9654","","","YellowPages.ca","https://www.yellowpages.ca/search/si/1/Landscape+Contractors+%26+Designers/Morrisburg+ON","High","YellowPages public search result; verify active status, exact service area, and owner permission before promotion. YP listed proximity from Morrisburg: 24.1 km. Listing detail: https://www.yellowpages.ca/bus/Ontario/Chesterville/Country-Woods-Landscaping/100903740.html?what=Landscape+Contractors+%26+Designers&where=Morrisburg+ON&useContext=true Treated as source-verified public data for prototype database; owner claim still required for profile management."
"Lasting Impressions Landscaping","Landscaping","Landscape Contractors & Designers","Long Sault","16581 County Rd 36, Long Sault, ON K0C 1P0","343-309-9779","","","YellowPages.ca","https://www.yellowpages.ca/search/si/1/Landscape+Contractors+%26+Designers/Morrisburg+ON","High","YellowPages public search result; verify active status, exact service area, and owner permission before promotion. YP listed proximity from Morrisburg: 31.8 km. Listing detail: https://www.yellowpages.ca/bus/Ontario/Long-Sault/Lasting-Impressions-Landscaping/934256.html?what=Landscape+Contractors+%26+Designers&where=Morrisburg+ON&useContext=true Treated as source-verified public data for prototype database; owner claim still required for profile management."
"Oxford Mills Landscaping","Landscaping","Landscape Contractors & Designers","Kemptville","640 Jig, Kemptville, ON K0G 1J0","613-258-5772","","","YellowPages.ca","https://www.yellowpages.ca/search/si/1/Landscape+Contractors+%26+Designers/Morrisburg+ON","High","YellowPages public search result; verify active status, exact service area, and owner permission before promotion. YP listed proximity from Morrisburg: 30 km. Listing detail: https://www.yellowpages.ca/bus/Ontario/Kemptville/Oxford-Mills-Landscaping/6913319.html?what=Landscape+Contractors+%26+Designers&where=Morrisburg+ON&useContext=true Treated as source-verified public data for prototype database; owner claim still required for profile management."
"Paysagement Lefebvre","Landscaping","Landscape Contractors & Designers","Long Sault","5325 Power Dam Dr RR 1, Long Sault, ON K0C 1P0","613-936-3353","","","YellowPages.ca","https://www.yellowpages.ca/search/si/1/Landscape+Contractors+%26+Designers/Morrisburg+ON","High","YellowPages public search result; verify active status, exact service area, and owner permission before promotion. YP listed proximity from Morrisburg: 34.3 km. Listing detail: https://www.yellowpages.ca/bus/Ontario/Long-Sault/Paysagement-Lefebvre/8152829.html?what=Landscape+Contractors+%26+Designers&where=Morrisburg+ON&useContext=true Treated as source-verified public data for prototype database; owner claim still required for profile management."
"Country Charm Painting & Decorating","Painting","Painters","Kemptville","684 County Road 44 RR 2, Kemptville, ON K0G 1J0","613-258-0125","","","YellowPages.ca","https://www.yellowpages.ca/search/si/1/Painters/Morrisburg+ON","High","YellowPages public search result; verify active status, exact service area, and owner permission before promotion. YP listed proximity from Morrisburg: 34.4 km. Listing detail: https://www.yellowpages.ca/bus/Ontario/Kemptville/Country-Charm-Painting-Decorating/6936063.html?what=Painters&where=Morrisburg+ON&useContext=true Treated as source-verified public data for prototype database; owner claim still required for profile management."
"D.T. Painting and Plastering","Painting","Painters","Iroquois","10223 English Rd, Iroquois, ON K0E 1K0","613-315-5729","","","YellowPages.ca","https://www.yellowpages.ca/search/si/1/Painters/Morrisburg+ON","High","YellowPages public search result; verify active status, exact service area, and owner permission before promotion. YP listed proximity from Morrisburg: 16.4 km. Listing detail: https://www.yellowpages.ca/bus/Ontario/Iroquois/D-T-Painting-and-Plastering/101527982.html?what=Painters&where=Morrisburg+ON&useContext=true Treated as source-verified public data for prototype database; owner claim still required for profile management."
"JM Professional Painting","Painting","Painters","Morrisburg","13011 Pigeon Island, Morrisburg, ON K0C 1X0","613-543-4481","","","YellowPages.ca","https://www.yellowpages.ca/search/si/1/Painters/Morrisburg+ON","High","YellowPages public search result; verify active status, exact service area, and owner permission before promotion. YP listed proximity from Morrisburg: 1.5 km. Listing detail: https://www.yellowpages.ca/bus/Ontario/Morrisburg/JM-Professional-Painting/7523483.html?what=Painters&where=Morrisburg+ON&useContext=true Treated as source-verified public data for prototype database; owner claim still required for profile management."
"Quality Pest Control","Pest Control","Pest Control Services","Ingleside","5435 County Road 12, Ingleside, ON K0C 1M0","613-936-0911","","","YellowPages.ca","https://www.yellowpages.ca/search/si/1/Pest+Control+Services/Morrisburg+ON","High","YellowPages public search result; verify active status, exact service area, and owner permission before promotion. YP listed proximity from Morrisburg: 24.3 km. Listing detail: https://www.yellowpages.ca/bus/Ontario/Ingleside/Quality-Pest-Control/4998597.html?what=Pest+Control+Services&where=Morrisburg+ON&useContext=true Treated as source-verified public data for prototype database; owner claim still required for profile management."
"Eric Jansen Plumbing And Heating Service","Plumbing","Plumbers & Plumbing Contractors","Cardinal","28 William, Cardinal, ON K0E 1E0","613-657-3000","","","YellowPages.ca","https://www.yellowpages.ca/search/si/1/Plumbers/Morrisburg+ON","High","YellowPages public search result; verify active status, exact service area, and owner permission before promotion. YP listed proximity from Morrisburg: 22.3 km. Listing detail: https://www.yellowpages.ca/bus/Ontario/Cardinal/Eric-Jansen-Plumbing-And-Heating-Service/4174638.html?what=Plumbers&where=Morrisburg+ON&useContext=true Treated as source-verified public data for prototype database; owner claim still required for profile management."
"Glen Robinson & Sons","Plumbing","Plumbers & Plumbing Contractors","Chesterville","12841 Nation Valley Road, Chesterville, ON K0C 1H0","613-448-2894","","","YellowPages.ca","https://www.yellowpages.ca/search/si/1/Plumbers/Morrisburg+ON","High","YellowPages public search result; verify active status, exact service area, and owner permission before promotion. YP listed proximity from Morrisburg: 20.4 km. Listing detail: https://www.yellowpages.ca/bus/Ontario/Chesterville/Glen-Robinson-Sons/694020.html?what=Plumbers&where=Morrisburg+ON&useContext=true Treated as source-verified public data for prototype database; owner claim still required for profile management."
"H D Tile Drainage Ltd","Plumbing","Plumbers & Plumbing Contractors","Winchester","1155 Spruce Dr RR 1, Winchester, ON K0C 2K0","613-774-3751","","","YellowPages.ca","https://www.yellowpages.ca/search/si/1/Plumbers/Morrisburg+ON","High","YellowPages public search result; verify active status, exact service area, and owner permission before promotion. YP listed proximity from Morrisburg: 33.5 km. Listing detail: https://www.yellowpages.ca/bus/Ontario/Winchester/H-D-Tile-Drainage-Ltd/737774.html?what=Plumbers&where=Morrisburg+ON&useContext=true Treated as source-verified public data for prototype database; owner claim still required for profile management."
"L F Myre","Plumbing","Plumbers & Plumbing Contractors","Winchester","7949 Belmeade Rd, Winchester, ON K0C 2K0","613-632-9626","","","YellowPages.ca","https://www.yellowpages.ca/search/si/1/Plumbers/Morrisburg+ON","High","YellowPages public search result; verify active status, exact service area, and owner permission before promotion. YP listed proximity from Morrisburg: 34.2 km. Listing detail: https://www.yellowpages.ca/bus/Ontario/Winchester/L-F-Myre/913056.html?what=Plumbers&where=Morrisburg+ON&useContext=true Treated as source-verified public data for prototype database; owner claim still required for profile management."
"Laperriere Mechanical","Plumbing","Plumbers & Plumbing Contractors","Cornwall","1007 Pescod Ave, Cornwall, ON K6J 2K1","613-932-4236","","","YellowPages.ca","https://www.yellowpages.ca/search/si/1/Plumbers/Morrisburg+ON","High","YellowPages public search result; verify active status, exact service area, and owner permission before promotion. YP listed proximity from Morrisburg: 34.9 km. Listing detail: https://www.yellowpages.ca/bus/Ontario/Cornwall/Laperriere-Mechanical/2366648.html?what=Plumbers&where=Morrisburg+ON&useContext=true Treated as source-verified public data for prototype database; owner claim still required for profile management."
"Munro Garry Plumbing & Heating Limited","Plumbing","Plumbers & Plumbing Contractors","Winchester","564 MAIN ST PO BOX 66, WINCHESTER, ON K0C 2K0","613-774-9980","","","YellowPages.ca","https://www.yellowpages.ca/search/si/1/Plumbers/Morrisburg+ON","High","YellowPages public search result; verify active status, exact service area, and owner permission before promotion. YP listed proximity from Morrisburg: 25.2 km. Listing detail: https://www.yellowpages.ca/bus/Ontario/WINCHESTER/Munro-Garry-Plumbing-Heating-Limited/6913115.html?what=Plumbers&where=Morrisburg+ON&useContext=true Treated as source-verified public data for prototype database; owner claim still required for profile management."
"Pro Bowl Plumbing","Plumbing","Plumbers & Plumbing Contractors","Long Sault","35 Abagail Cres, Long Sault, ON K0C 1P0","613-362-4429","","","YellowPages.ca","https://www.yellowpages.ca/search/si/1/Plumbers/Morrisburg+ON","High","YellowPages public search result; verify active status, exact service area, and owner permission before promotion. YP listed proximity from Morrisburg: 26.5 km. Listing detail: https://www.yellowpages.ca/bus/Ontario/Long-Sault/Pro-Bowl-Plumbing/101568014.html?what=Plumbers&where=Morrisburg+ON&useContext=true Treated as source-verified public data for prototype database; owner claim still required for profile management."
"W C Robinson & Son Ltd","Plumbing","Plumbers & Plumbing Contractors","South Mountain","3260 Wallace Rd, South Mountain, ON K0E 1W0","613-989-2894","","","YellowPages.ca","https://www.yellowpages.ca/search/si/1/Plumbers/Morrisburg+ON","High","YellowPages public search result; verify active status, exact service area, and owner permission before promotion. YP listed proximity from Morrisburg: 24 km. Listing detail: https://www.yellowpages.ca/bus/Ontario/South-Mountain/W-C-Robinson-Son-Ltd/6963683.html?what=Plumbers&where=Morrisburg+ON&useContext=true Treated as source-verified public data for prototype database; owner claim still required for profile management."
"Ken's Roofing","Roofing","Roofers","Prescott","178 Park E, Prescott, ON K0E 1T0","613-925-5145","","","YellowPages.ca","https://www.yellowpages.ca/search/si/1/Roofing+Contractors/Morrisburg+ON","High","YellowPages public search result; verify active status, exact service area, and owner permission before promotion. YP listed proximity from Morrisburg: 33.4 km. Listing detail: https://www.yellowpages.ca/bus/Ontario/Prescott/Ken-s-Roofing/884985.html?what=Roofers&where=Morrisburg+ON&useContext=true Treated as source-verified public data for prototype database; owner claim still required for profile management."
"Kluke's Roofing","Roofing","Roofers","Williamsburg","4573 County Rd 31, Williamsburg, ON K0C 2H0","613-821-5434","","","YellowPages.ca","https://www.yellowpages.ca/search/si/1/Roofing+Contractors/Morrisburg+ON","High","YellowPages public search result; verify active status, exact service area, and owner permission before promotion. YP listed proximity from Morrisburg: 7.9 km. Listing detail: https://www.yellowpages.ca/bus/Ontario/Williamsburg/Kluke-s-Roofing/6845073.html?what=Roofers&where=Morrisburg+ON&useContext=true Treated as source-verified public data for prototype database; owner claim still required for profile management."
"KSK Limited","Roofing","Roofers","Johnstown","1723 County Road 2, Johnstown, ON K0E 1T1","613-340-1621","","","YellowPages.ca","https://www.yellowpages.ca/search/si/1/Roofing+Contractors/Morrisburg+ON","High","YellowPages public search result; verify active status, exact service area, and owner permission before promotion. YP listed proximity from Morrisburg: 32.7 km. Listing detail: https://www.yellowpages.ca/bus/Ontario/Johnstown/KSK-Limited/100705582.html?what=Roofers&where=Morrisburg+ON&useContext=true Treated as source-verified public data for prototype database; owner claim still required for profile management."
"SD&G Roofing","Roofing","Roofers","Cornwall","16538 Myers Rd RR 2, Cornwall, ON K0C 1R0","613-937-5087","","","YellowPages.ca","https://www.yellowpages.ca/search/si/1/Roofing+Contractors/Morrisburg+ON","High","YellowPages public search result; verify active status, exact service area, and owner permission before promotion. YP listed proximity from Morrisburg: 33.3 km. Listing detail: https://www.yellowpages.ca/bus/Ontario/Cornwall/SD-G-Roofing/5199362.html?what=Roofers&where=Morrisburg+ON&useContext=true Treated as source-verified public data for prototype database; owner claim still required for profile management."
"Seaway Valley Roofing","Roofing","Roofers","Cornwall","2194 Tollgate Rd W, Cornwall, ON K6J 5W8","613-330-5783","","","YellowPages.ca","https://www.yellowpages.ca/search/si/1/Roofing+Contractors/Morrisburg+ON","High","YellowPages public search result; verify active status, exact service area, and owner permission before promotion. YP listed proximity from Morrisburg: 34.6 km. Listing detail: https://www.yellowpages.ca/bus/Ontario/Cornwall/Seaway-Valley-Roofing/101703366.html?what=Roofers&where=Morrisburg+ON&useContext=true Treated as source-verified public data for prototype database; owner claim still required for profile management."
"Toms Aluminum","Roofing","Roofers","Kemptville","4363 Rideau River, Kemptville, ON K0G 1J0","613-258-7114","","","YellowPages.ca","https://www.yellowpages.ca/search/si/1/Roofing+Contractors/Morrisburg+ON","High","YellowPages public search result; verify active status, exact service area, and owner permission before promotion. YP listed proximity from Morrisburg: 30 km. Listing detail: https://www.yellowpages.ca/bus/Ontario/Kemptville/Toms-Aluminum/1594853.html?what=Roofers&where=Morrisburg+ON&useContext=true Treated as source-verified public data for prototype database; owner claim still required for profile management."
"Top Dog Roofing","Roofing","Roofers","Spencerville","2521 Buckwheat Rd W, Spencerville, ON K0E 1X0","613-658-2275","","","YellowPages.ca","https://www.yellowpages.ca/search/si/1/Roofing+Contractors/Morrisburg+ON","High","YellowPages public search result; verify active status, exact service area, and owner permission before promotion. YP listed proximity from Morrisburg: 31.1 km. Listing detail: https://www.yellowpages.ca/bus/Ontario/Spencerville/Top-Dog-Roofing/2582564.html?what=Roofers&where=Morrisburg+ON&useContext=true Treated as source-verified public data for prototype database; owner claim still required for profile management."
"Polite Steve Sand & Gravel Ltd","Septic Services","Septic Tank Installation & Repair; More&hellip;","Prescott","5824 McCully Rd RR 4, Prescott, ON K0E 1T0","613-925-2122","","","YellowPages.ca","https://www.yellowpages.ca/search/si/1/Septic+Tank+Installation+%26+Repair/Morrisburg+ON","High","YellowPages public search result; verify active status, exact service area, and owner permission before promotion. YP listed proximity from Morrisburg: 34.3 km. Listing detail: https://www.yellowpages.ca/bus/Ontario/Prescott/Polite-Steve-Sand-Gravel-Ltd/1249125.html?what=Septic+Tank+Installation+%26+Repair&where=Morrisburg+ON&useContext=true Treated as source-verified public data for prototype database; owner claim still required for profile management."
"Whitteker Environmental Services","Septic Services","Septic Tank Installation & Repair","Brinston","4147 Brinston Road, Brinston, ON K0E 1C0","613-648-1141","","","YellowPages.ca","https://www.yellowpages.ca/search/si/1/Septic+Tank+Installation+%26+Repair/Morrisburg+ON","High","YellowPages public search result; verify active status, exact service area, and owner permission before promotion. YP listed proximity from Morrisburg: 14.6 km. Listing detail: https://www.yellowpages.ca/bus/Ontario/Brinston/Whitteker-Environmental-Services/101686277.html?what=Septic+Tank+Installation+%26+Repair&where=Morrisburg+ON&useContext=true Treated as source-verified public data for prototype database; owner claim still required for profile management."
"Top Notch Tree Maintenance and Removal","Tree Service","Tree Service","Chesterville","3712 County Road 7, Chesterville, ON K0C 1H0","613-808-8097","","","YellowPages.ca","https://www.yellowpages.ca/search/si/1/Tree+Service/Morrisburg+ON","High","YellowPages public search result; verify active status, exact service area, and owner permission before promotion. YP listed proximity from Morrisburg: 15.1 km. Listing detail: https://www.yellowpages.ca/bus/Ontario/Chesterville/Top-Notch-Tree-Maintenance-and-Removal/100705569.html?what=Tree+Service&where=Morrisburg+ON&useContext=true Treated as source-verified public data for prototype database; owner claim still required for profile management."
"At The Garden Gate Gardening Service","Landscaping","Gardening service","South Dundas area","","613-619-4041","rhewetson75@gmail.com","https://www.atthegardengate.ca","South Dundas Chamber","https://www.southdundaschamber.ca/business-directory/professional-services/","High","Chamber professional-services listing; useful local gardening/property-service candidate. Verify service area and owner claim before profile management."
"MP Computer Services","Computer Services","Computer repair; local technology support","Williamsburg","4868 County Rd 8, Williamsburg, ON K0C 2H0","613-543-2321","mike@mp-computers.ca","https://www.mp-computers.ca","South Dundas Chamber","https://www.southdundaschamber.ca/business-directory/computer-services/","High","Chamber computer-services listing; practical local service candidate. Cell listed publicly as 613-577-1313; verify preferred public contact during claim."
